-19.81,2.00
-20.51,3.00
-22.18,4.00
-25.39,7.00
-29.09,9.00
-30.90,10.00
-29.54,9.00
-25.81,5.00
-21.16,2.00
-17.10,0.00
-14.80,-2.00
-14.61,-2.00
-16.01,0.00
-18.10,1.00
-20.13,2.00
-21.61,4.00
-22.09,4.00
-21.55,3.00
-20.37,2.00
-19.07,1.00
-18.09,1.00
-17.67,0.00
-17.83,1.00
-18.41,1.00
-19.17,2.00
-19.82,2.00
-20.14,3.00
-20.11,3.00
-19.81,2.00
-19.37,2.00
-18.97,2.00
-18.73,2.00
-18.68,2.00
-18.82,2.00
-19.06,2.00
-19.29,2.00
-19.46,2.00
-19.51,2.00
-19.48,2.00
-19.39,2.00
-19.27,2.00
-19.16,2.00
-19.08,2.00
-19.07,2.00
-19.13,2.00
-19.26,2.00
-19.38,2.00
-19.48,2.00
-19.53,2.00
-19.52,2.00
-19.41,2.00
-19.25,2.00
-19.14,2.00
-19.08,2.00
-19.07,2.00
-19.10,2.00
-19.13,2.00
-19.17,2.00
-19.26,2.00
-19.36,2.00
-19.39,2.00
-19.36,2.00
-19.31,2.00
-19.26,2.00
-19.25,2.00
-19.21,2.00
-19.15,2.00
-19.12,2.00
-19.14,2.00
-19.20,2.00
-19.23,2.00
-19.25,2.00
-19.23,2.00
-19.21,2.00